Job name,Organisation name,Job Location,Period job Posted
Procurement Specialist ,Deel,EMEA (Remote),5 days ago
Google Profiles,Google My Business (GMB) Instant Verification & Ranking,"Harare, Harare, Zimbabwe (Remote)",6 days ago
Product Manager - Benefits Integrations ,Remote,Zimbabwe (Remote),"23 hours ago
Within the past 24 hours"
"Senior Product Manager, Billing ",Remote,Zimbabwe (Remote),5 days ago
SEO Review and Recommendations,Braintrust,Sub-Saharan Africa (Remote),"18 hours ago
Within the past 24 hours"
Data Analyst,Tech Kinect,EMEA (Remote),"18 hours ago
Within the past 24 hours"
Data Scientist,Tech Kinect,EMEA (Remote),6 days ago
Technical Support Manager ,Loftware,EMEA (Remote),1 day ago
Security Operations Center Analyst,Cyberr®,EMEA (Remote),"6 hours ago
Within the past 24 hours"
Customer Support Advisor ,Quadcode,EMEA (Remote),1 day ago
Report Developer ,HRS Hospitality & Retail Systems,EMEA (Remote),2 days ago
Virtual Assistant (Work From Home),Persona,EMEA (Remote),2 days ago
SAP Analyst - CX Commerce Cloud,Conexus,EMEA (Remote),1 day ago
Solutions Architect ,Webhelp,EMEA (Remote),2 days ago
Spatial AI Entrepreneur Internship,EON Reality,EMEA (Remote),1 day ago
Talent Pool,Lodgify,EMEA (Remote),2 days ago
Marketing Data Analyst,ClickOut Media,EMEA (Remote),5 days ago
General Application - EMEA Commercial Segment,Mintec,EMEA (Remote),"18 hours ago
Within the past 24 hours"
Data Engineer,Tech Kinect,EMEA (Remote),6 days ago
Marketing Data Analyst ,Canonical,EMEA (Remote),2 days ago
Did you not find the position you were looking for in EMEA? ,Precisely,EMEA (Remote),1 day ago
Cyber Security Consultant,Cyberr®,EMEA (Remote),6 days ago
Chief Technology Officer,RadixNetwork Schweiz GmbH,EMEA (Remote),4 days ago
NICE CxOne Expert,Rexus Group,EMEA (Remote),5 days ago
General Application - EMEA PRA Segment,Mintec,EMEA (Remote),
